name,T_rebuild_K,avg_prod_k,cp,cr,dK,dKtot,dWpc_curency,dWtot_currency,dcap,dcar,delta_W,fap,far,gdp_pc_pp,gdp_pc_pp_nat,id,income_elast,pi,pop,pov_head,protection,protectionref,resilience,rho,risk,risk_to_assets,shewp,shewr,sigma_p,sigma_r,social_p,social_r,v_p,v_r,v_s
Oriental Mindoro,3.0,0.23,78.76530925,207.5621343,7.1141911147,190820.6473318033,1.5652096897,285489.5517722231,85.5165133463,106.3472727398,0.0002564071,0.0647,0.05276,179.8310831,234.6025772,oriental_mindoro,1.5,0.2,182397.0,0.21531,6.80014,6.800140845,0.6683980067,0.15,0.0087037772,0.0058175874,0.0961,0.1257,0.0,0.0,0.17738,0.23667,0.30737,0.15584,0.150308446
